Country,Year,Number below $3 a day
Albania,1996,94022
Albania,2002,127981
Albania,2005,79811
Albania,2008,24383
Albania,2012,52050
Albania,2014,106207
Albania,2015,32116
Albania,2016,32805
Albania,2017,41505
Albania,2018,28951
Albania,2019,7774
Albania,2020,9675
Algeria,1988,2956552
Algeria,1995,3361476
Algeria,2011,0
Angola,2000,4396533
Angola,2008,4856783
Angola,2018,12370168
Argentina (urban),1980,0
Argentina (urban),1986,332967
Argentina (urban),1987,399474
Argentina (urban),1991,371912
Argentina (urban),1992,735617
Argentina (urban),1993,872868
Argentina (urban),1994,823949
Argentina (urban),1995,1582863
Argentina (urban),1996,1698221
Argentina (urban),1997,1659340
Argentina (urban),1998,1827357
Argentina (urban),1999,1933148
Argentina (urban),2000,2436819
Argentina (urban),2001,3604821
Argentina (urban),2002,5806569
Argentina (urban),2003,2821463
Argentina (urban),2004,2099848
Argentina (urban),2005,1562206
Argentina (urban),2006,1238049
Argentina (urban),2007,997655
Argentina (urban),2008,959954
Argentina (urban),2009,906921
Argentina (urban),2010,575574
Argentina (urban),2011,458596
Argentina (urban),2012,487751
Argentina (urban),2013,423223
Argentina (urban),2014,416356
Argentina (urban),2016,510450
Argentina (urban),2017,452771
Argentina (urban),2018,672105
Argentina (urban),2019,696965
Argentina (urban),2020,914522
Argentina (urban),2021,569627
Argentina (urban),2022,542803
Argentina (urban),2023,487367
Armenia,1999,670487
Armenia,2001,775368
Armenia,2002,632480
Armenia,2003,472444
Armenia,2004,327503
Armenia,2005,192385
Armenia,2006,141145
Armenia,2007,114672
Armenia,2008,61912
Armenia,2009,95481
Armenia,2010,89654
Armenia,2011,94761
Armenia,2012,75566
Armenia,2013,89052
Armenia,2014,103602
Armenia,2015,85703
Armenia,2016,75286
Armenia,2017,70388
Armenia,2018,86001
Armenia,2019,71924
Armenia,2020,44914
Armenia,2021,62744
Armenia,2022,56322
Armenia,2023,57665
Australia,1981,148263
Australia,1985,158090
Australia,1989,125145
Australia,1995,178740
Australia,2001,191218
Australia,2003,196681
Australia,2004,142028
Australia,2008,142253
Australia,2010,76928
Australia,2014,117022
Australia,2016,120650
Australia,2018,124091
Austria,1994,18326
Austria,1995,0
Austria,1996,0
Austria,1997,19600
Austria,1998,19100
Austria,1999,18063
Austria,2000,19599
Austria,2003,30311
Austria,2004,6673
Austria,2005,12645
Austria,2006,12017
Austria,2007,31641
Austria,2008,42365
Austria,2009,57442
Austria,2010,43458
Austria,2011,40013
Austria,2012,56609
Austria,2013,28662
Austria,2014,19166
Austria,2015,59169
Austria,2016,58017
Austria,2017,30768
Austria,2018,50246
Austria,2019,57422
Austria,2020,65861
Austria,2021,43509
Austria,2022,58227
Azerbaijan,1995,1510451
Azerbaijan,2001,924516
Azerbaijan,2002,19809
Azerbaijan,2003,20482
Azerbaijan,2004,3890
Azerbaijan,2005,0
Bangladesh,1983,45530314
Bangladesh,1985,42006219
Bangladesh,1988,55361610
Bangladesh,1991,58822273
Bangladesh,1995,53687924
Bangladesh,2000,55665672
Bangladesh,2005,46766829
Bangladesh,2010,38230991
Bangladesh,2016,31376284
Bangladesh,2022,13574858
Barbados,2016,4690
Belarus,1998,3852229
Belarus,1999,3383560
Belarus,2000,2645121
Belarus,2001,1461878
Belarus,2002,1029729
Belarus,2003,850374
Belarus,2004,414793
Belarus,2005,235802
Belarus,2006,101919
Belarus,2007,101585
Belarus,2008,49348
Belarus,2009,51340
Belarus,2010,16325
Belarus,2011,5174
Belarus,2012,7671
Belarus,2013,2122
Belarus,2014,0
Belarus,2015,0
Belarus,2016,0
Belarus,2017,2603
Belarus,2018,2078
Belarus,2019,0
Belarus,2020,0
Belgium,1985,23678
Belgium,1988,72806
Belgium,1992,98772
Belgium,1995,73918
Belgium,1997,50141
Belgium,2000,31318
Belgium,2003,40807
Belgium,2004,5421
Belgium,2005,26470
Belgium,2006,20264
Belgium,2007,18115
Belgium,2008,12682
Belgium,2009,12746
Belgium,2010,15483
Belgium,2011,20321
Belgium,2012,19112
Belgium,2013,16126
Belgium,2014,8574
Belgium,2015,15467
Belgium,2016,6778
Belgium,2017,19902
Belgium,2018,10256
Belgium,2019,12276
Belgium,2020,9900
Belgium,2021,4237
Belgium,2022,2389
Belize,1995,37474
Belize,2018,3953
Benin,2003,5575330
Benin,2011,6973772
Benin,2015,7477702
Benin,2018,4667533
Benin,2021,3722252
Bhutan,2003,147246
Bhutan,2007,81638
Bhutan,2012,26158
Bhutan,2017,19720
Bhutan,2022,104
Bolivia,1997,1519630
Bolivia,1999,2079144
Bolivia,2000,2431630
Bolivia,2001,1953981
Bolivia,2002,2126121
Bolivia,2004,1219132
Bolivia,2005,1748618
Bolivia,2006,1514806
Bolivia,2007,1168979
Bolivia,2008,1040961
Bolivia,2009,1005291
Bolivia,2011,717664
Bolivia,2012,828300
Bolivia,2013,721912
Bolivia,2014,607339
Bolivia,2015,683996
Bolivia,2016,801889
Bolivia,2017,727447
Bolivia,2018,540417
Bolivia,2019,366317
Bolivia,2020,501829
Bolivia,2021,364648
Bolivia,2022,394575
Bolivia,2023,344978
Bolivia (urban),1990,235141
Bolivia (urban),1992,590162
Bosnia and Herzegovina,2001,26918
Bosnia and Herzegovina,2004,16377
Bosnia and Herzegovina,2007,6910
Bosnia and Herzegovina,2011,8798
Botswana,1985,573502
Botswana,1993,603728
Botswana,2002,613056
Botswana,2009,421688
Botswana,2015,476456
Brazil,1981,38080973
Brazil,1982,39303843
Brazil,1983,48970230
Brazil,1984,49008738
Brazil,1985,43933702
Brazil,1986,23074035
Brazil,1987,35988703
Brazil,1988,40474788
Brazil,1989,37579507
Brazil,1990,45246364
Brazil,1992,45363386
Brazil,1993,44215754
Brazil,1995,31561171
Brazil,1996,33908272
Brazil,1997,33965874
Brazil,1998,32367592
Brazil,1999,34362736
Brazil,2001,30935773
Brazil,2002,28906000
Brazil,2003,30938326
Brazil,2004,28004458
Brazil,2005,25237347
Brazil,2006,21220919
Brazil,2007,20345699
Brazil,2008,17363566
Brazil,2009,16220179
Brazil,2011,13901441
Brazil,2012,12588620
Brazil,2013,10675871
Brazil,2014,9475521
Brazil,2015,10797399
Brazil,2016,13165912
Brazil,2017,14204298
Brazil,2018,14190323
Brazil,2019,14564015
Brazil,2020,5780696
Brazil,2021,15642293
Brazil,2022,10208834
Brazil,2023,8056262
Bulgaria,1992,0
Bulgaria,2006,609665
Bulgaria,2007,188109
Bulgaria,2008,145079
Bulgaria,2009,131393
Bulgaria,2010,197151
Bulgaria,2011,253431
Bulgaria,2012,220075
Bulgaria,2013,237329
Bulgaria,2014,196550
Bulgaria,2015,328807
Bulgaria,2016,218623
Bulgaria,2017,141743
Bulgaria,2018,105001
Bulgaria,2019,113781
Bulgaria,2020,48915
Bulgaria,2021,84465
Bulgaria,2022,69952
Burkina Faso,1994,8930955
Burkina Faso,1998,9716869
Burkina Faso,2003,9109756
Burkina Faso,2009,10552980
Burkina Faso,2014,10707522
Burkina Faso,2018,9870037
Burkina Faso,2021,9396353
Burundi,1992,4978299
Burundi,1998,5487473
Burundi,2006,6410662
Burundi,2013,8052215
Burundi,2020,9400518
Cameroon,1996,7576559
Cameroon,2001,4717915
Cameroon,2007,6500741
Cameroon,2014,6403089
Cameroon,2021,7312527
Canada,1971,548372
Canada,1973,393279
Canada,1975,404669
Canada,1977,355697
Canada,1979,302448
Canada,1981,248178
Canada,1982,186646
Canada,1984,256046
Canada,1985,192695
Canada,1986,260530
Canada,1987,132149
Canada,1988,200770
Canada,1989,340782
Canada,1990,345712
Canada,1991,349812
Canada,1992,211902
Canada,1993,357880
Canada,1994,286985
Canada,1995,218832
Canada,1996,143894
Canada,1997,147822
Canada,1998,150672
Canada,1999,149259
Canada,2000,76046
Canada,2001,77360
Canada,2002,75985
Canada,2003,75027
Canada,2004,77790
Canada,2005,78991
Canada,2006,81150
Canada,2007,81647
Canada,2008,81610
Canada,2009,82162
Canada,2010,84617
Canada,2011,77657
Canada,2012,85576
Canada,2013,174172
Canada,2014,85806
Canada,2015,177065
Canada,2016,180486
Canada,2017,181769
Canada,2018,92671
Canada,2019,93534
Canada,2020,94634
Cape Verde,2001,172714
Cape Verde,2007,130239
Cape Verde,2015,74830
Central African Republic,1992,2628440
Central African Republic,2008,3066510
Central African Republic,2021,3661150
Chad,2003,6328403
Chad,2011,5764959
Chad,2018,6874018
Chad,2022,7285305
Chile,1987,2778998
Chile,1990,2154011
Chile,1992,1536917
Chile,1994,1501075
Chile,1996,1172169
Chile,1998,1118938
Chile,2000,1334058
Chile,2003,1272500
Chile,2006,550805
Chile,2009,450469
Chile,2011,287367
Chile,2013,138032
Chile,2015,121776
Chile,2017,89596
Chile,2020,333569
Chile,2022,101644
China,1981,964146075
China,1984,947320620
China,1987,882394635
China,1990,942566424
China,1993,904542399
China,1996,754908045
China,1999,731991989
China,2002,616455476
China,2005,431510862
China,2008,347620379
China,2010,275388500
China,2011,211127652
China,2012,179321213
China,2013,84870415
China,2014,65088151
China,2015,41115964
China,2016,30507008
China,2017,23249834
China,2018,11156298
China,2019,0
China,2020,0
China,2021,0
China (rural),1981,785598901
China (rural),1984,761907879
China (rural),1987,726555038
China (rural),1990,763007325
China (rural),1993,756149883
China (rural),1996,628689059
China (rural),1999,618528949
China (rural),2002,540294812
China (rural),2005,378280462
China (rural),2008,318189584
China (rural),2010,263430168
China (rural),2011,208566341
China (rural),2012,179321217
China (rural),2013,82181998
China (rural),2014,61507793
China (rural),2015,41115964
China (rural),2016,30507008
China (rural),2017,23249832
China (rural),2018,11156299
China (rural),2019,0
China (rural),2020,0
China (rural),2021,0
China (urban),1981,178547169
China (urban),1984,185412718
China (urban),1987,155839603
China (urban),1990,179559088
China (urban),1993,148392546
China (urban),1996,126218972
China (urban),1999,113463079
China (urban),2002,76160623
China (urban),2005,53230396
China (urban),2008,29430814
China (urban),2010,11958336
China (urban),2011,2561303
China (urban),2012,0
China (urban),2013,2688423
China (urban),2014,3580359
China (urban),2015,0
China (urban),2016,0
China (urban),2017,0
China (urban),2018,0
China (urban),2019,0
China (urban),2020,0
China (urban),2021,0
Colombia,1992,5411831
Colombia,1996,9039187
Colombia,1999,10839305
Colombia,2000,9349572
Colombia,2001,11736084
Colombia,2002,8562858
Colombia,2003,8090485
Colombia,2004,7979866
Colombia,2005,7077816
Colombia,2008,7248450
Colombia,2009,6649626
Colombia,2010,5870599
Colombia,2011,5086164
Colombia,2012,4976631
Colombia,2013,4587194
Colombia,2014,4186701
Colombia,2015,3794435
Colombia,2016,3785811
Colombia,2017,3516591
Colombia,2018,3617138
Colombia,2019,4386447
Colombia,2020,6827950
Colombia,2021,5747599
Colombia,2022,4794142
Colombia,2023,4021904
Colombia (urban),1980,4735479
Colombia (urban),1988,4562142
Colombia (urban),1989,4666316
Colombia (urban),1991,4469027
Comoros,2004,161936
Comoros,2014,223106
Congo,2005,2012794
Congo,2011,1842139
Costa Rica,1981,823440
Costa Rica,1986,542709
Costa Rica,1989,438267
Costa Rica,1990,433388
Costa Rica,1991,548888
Costa Rica,1992,453268
Costa Rica,1993,397313
Costa Rica,1994,324067
Costa Rica,1995,374666
Costa Rica,1996,425204
Costa Rica,1997,335723
Costa Rica,1998,282767
Costa Rica,1999,358677
Costa Rica,2000,384983
Costa Rica,2001,304815
Costa Rica,2002,267611
Costa Rica,2003,284468
Costa Rica,2004,276874
Costa Rica,2005,214871
Costa Rica,2006,222993
Costa Rica,2007,137583
Costa Rica,2008,149807
Costa Rica,2009,162390
Costa Rica,2010,100640
Costa Rica,2011,125565
Costa Rica,2012,119527
Costa Rica,2013,124605
Costa Rica,2014,113798
Costa Rica,2015,117567
Costa Rica,2016,116949
Costa Rica,2017,85926
Costa Rica,2018,115057
Costa Rica,2019,86484
Costa Rica,2020,168739
Costa Rica,2021,109277
Costa Rica,2022,81245
Costa Rica,2023,78602
Costa Rica,2024,65853
Cote d'Ivoire,1985,1410421
Cote d'Ivoire,1986,1091312
Cote d'Ivoire,1987,1764498
Cote d'Ivoire,1988,2722018
Cote d'Ivoire,1992,5351540
Cote d'Ivoire,1995,6082997
Cote d'Ivoire,1998,7346448
Cote d'Ivoire,2008,10305695
Cote d'Ivoire,2015,11996723
Cote d'Ivoire,2018,6329528
Cote d'Ivoire,2021,6313881
Croatia,1988,0
Croatia,2009,43369
Croatia,2010,61786
Croatia,2011,42498
Croatia,2012,45669
Croatia,2013,51086
Croatia,2014,48829
Croatia,2015,28909
Croatia,2016,35203
Croatia,2017,24917
Croatia,2018,20101
Croatia,2019,14381
Croatia,2020,17376
Croatia,2021,13220
Croatia,2022,15335
Cyprus,2004,957
Cyprus,2005,561
Cyprus,2006,192
Cyprus,2007,270
Cyprus,2008,92
Cyprus,2009,1242
Cyprus,2010,663
Cyprus,2011,368
Cyprus,2012,49
Cyprus,2013,1149
Cyprus,2014,1178
Cyprus,2015,552
Cyprus,2016,943
Cyprus,2017,643
Cyprus,2018,993
Cyprus,2019,2248
Cyprus,2020,288
Cyprus,2021,650
Cyprus,2022,67
Czechia,1992,0
Czechia,1993,0
Czechia,1996,0
Czechia,2002,0
Czechia,2004,1841
Czechia,2005,3465
Czechia,2006,7754
Czechia,2007,13181
Czechia,2008,8740
Czechia,2009,4832
Czechia,2010,3789
Czechia,2011,7526
Czechia,2012,8900
Czechia,2013,4804
Czechia,2014,1087
Czechia,2015,924
Czechia,2016,0
Czechia,2017,0
Czechia,2018,942
Czechia,2019,0
Czechia,2020,871
Czechia,2021,6288
Czechia,2022,0
Democratic Republic of Congo,2004,55586555
Democratic Republic of Congo,2012,58598438
Democratic Republic of Congo,2020,81896433
Denmark,1987,38353
Denmark,1992,25544
Denmark,1995,0
Denmark,2000,0
Denmark,2003,19884
Denmark,2004,17023
Denmark,2005,15074
Denmark,2006,10603
Denmark,2007,4651
Denmark,2008,16301
Denmark,2009,31253
Denmark,2010,3178
Denmark,2011,0
Denmark,2012,0
Denmark,2013,17458
Denmark,2014,13732
Denmark,2015,9970
Denmark,2016,15946
Denmark,2017,8218
Denmark,2018,13124
Denmark,2019,15653
Denmark,2020,9621
Denmark,2021,9001
Denmark,2022,14432
Djibouti,2002,257208
Djibouti,2012,254981
Djibouti,2013,307749
Djibouti,2017,267517
Dominican Republic,1986,572812
Dominican Republic,1989,1467751
Dominican Republic,1992,743109
Dominican Republic,1996,639320
Dominican Republic,1997,665650
Dominican Republic,2000,709297
Dominican Republic,2001,574142
Dominican Republic,2002,797062
Dominican Republic,2003,958694
Dominican Republic,2004,1332489
Dominican Republic,2005,909102
Dominican Republic,2006,758226
Dominican Republic,2007,740033
Dominican Republic,2008,683796
Dominican Republic,2009,613377
Dominican Republic,2010,544719
Dominican Republic,2011,530821
Dominican Republic,2012,546874
Dominican Republic,2013,451149
Dominican Republic,2014,425898
Dominican Republic,2015,340964
Dominican Republic,2016,312675
Dominican Republic,2017,162163
Dominican Republic,2018,118735
Dominican Republic,2019,109919
Dominican Republic,2020,143399
Dominican Republic,2021,141430
Dominican Republic,2022,107308
Dominican Republic,2023,144202
East Asia and Pacific (PIP),1990,1230842514
East Asia and Pacific (PIP),1991,1229206643
East Asia and Pacific (PIP),1992,1213835687
East Asia and Pacific (PIP),1993,1196431034
East Asia and Pacific (PIP),1994,1136500741
East Asia and Pacific (PIP),1995,1077213840
East Asia and Pacific (PIP),1996,1019659501
East Asia and Pacific (PIP),1997,1018592865
East Asia and Pacific (PIP),1998,1036748997
East Asia and Pacific (PIP),1999,998625597
East Asia and Pacific (PIP),2000,960102227
East Asia and Pacific (PIP),2001,915677492
East Asia and Pacific (PIP),2002,839097871
East Asia and Pacific (PIP),2003,770853281
East Asia and Pacific (PIP),2004,703703963
East Asia and Pacific (PIP),2005,621120084
East Asia and Pacific (PIP),2006,600933064
East Asia and Pacific (PIP),2007,546957192
East Asia and Pacific (PIP),2008,514355124
East Asia and Pacific (PIP),2009,472925411
East Asia and Pacific (PIP),2010,418153127
East Asia and Pacific (PIP),2011,345888032
East Asia and Pacific (PIP),2012,301132278
East Asia and Pacific (PIP),2013,203681440
East Asia and Pacific (PIP),2014,176910696
East Asia and Pacific (PIP),2015,138694981
East Asia and Pacific (PIP),2016,114759720
East Asia and Pacific (PIP),2017,94981790
East Asia and Pacific (PIP),2018,74218732
East Asia and Pacific (PIP),2019,56976116
East Asia and Pacific (PIP),2020,60692243
East Asia and Pacific (PIP),2021,58542879
East Asia and Pacific (PIP),2022,53962497
East Asia and Pacific (PIP),2023,48469045
East Asia and Pacific (PIP),2024,43386289
East Asia and Pacific (PIP),2025,40451169
East Timor,2001,453147
East Timor,2007,606200
East Timor,2014,521983
Eastern and Southern Africa (PIP),1990,188559696
Eastern and Southern Africa (PIP),1991,197683057
Eastern and Southern Africa (PIP),1992,207040266
Eastern and Southern Africa (PIP),1993,216593720
Eastern and Southern Africa (PIP),1994,222796681
Eastern and Southern Africa (PIP),1995,226456404
Eastern and Southern Africa (PIP),1996,229849237
Eastern and Southern Africa (PIP),1997,235480185
Eastern and Southern Africa (PIP),1998,242869201
Eastern and Southern Africa (PIP),1999,249600330
Eastern and Southern Africa (PIP),2000,255179938
Eastern and Southern Africa (PIP),2001,260387360
Eastern and Southern Africa (PIP),2002,271109610
Eastern and Southern Africa (PIP),2003,275289728
Eastern and Southern Africa (PIP),2004,267192881
Eastern and Southern Africa (PIP),2005,265925258
Eastern and Southern Africa (PIP),2006,264422393
Eastern and Southern Africa (PIP),2007,266187117
Eastern and Southern Africa (PIP),2008,268396889
Eastern and Southern Africa (PIP),2009,274122684
Eastern and Southern Africa (PIP),2010,275062774
Eastern and Southern Africa (PIP),2011,276688299
Eastern and Southern Africa (PIP),2012,280587909
Eastern and Southern Africa (PIP),2013,285312425
Eastern and Southern Africa (PIP),2014,291377744
Eastern and Southern Africa (PIP),2015,300266429
Eastern and Southern Africa (PIP),2016,312407606
Eastern and Southern Africa (PIP),2017,325888869
Eastern and Southern Africa (PIP),2018,338851417
Eastern and Southern Africa (PIP),2019,352331599
Eastern and Southern Africa (PIP),2020,373556434
Eastern and Southern Africa (PIP),2021,384949180
Eastern and Southern Africa (PIP),2022,390869633
Eastern and Southern Africa (PIP),2023,399531923
Eastern and Southern Africa (PIP),2024,411829016
Eastern and Southern Africa (PIP),2025,416220134
Ecuador,1994,2447887
Ecuador,1999,3358813
Ecuador,2000,4321027
Ecuador,2003,2523524
Ecuador,2004,2645352
Ecuador,2005,2129346
Ecuador,2006,1529704
Ecuador,2007,1567540
Ecuador,2008,1426351
Ecuador,2009,1383633
Ecuador,2010,1172134
Ecuador,2011,987634
Ecuador,2012,938921
Ecuador,2013,709778
Ecuador,2014,636583
Ecuador,2015,776028
Ecuador,2016,820316
Ecuador,2017,717223
Ecuador,2018,800108
Ecuador,2019,805950
Ecuador,2020,1480649
Ecuador,2021,932914
Ecuador,2022,792258
Ecuador,2023,841601
Ecuador (urban),1987,1112074
Ecuador (urban),1995,1210769
Ecuador (urban),1998,1535343
Egypt,1990,4229571
Egypt,1995,2720715
Egypt,1999,0
Egypt,2004,3309499
Egypt,2008,3216931
Egypt,2010,1391284
Egypt,2012,1174706
Egypt,2015,1203847
Egypt,2017,3274063
Egypt,2019,2150093
Egypt,2021,1541883
El Salvador,1989,1311974
El Salvador,1991,1589944
El Salvador,1995,1112910
El Salvador,1996,1233324
El Salvador,1998,1549490
El Salvador,1999,1326679
El Salvador,2000,1096195
El Salvador,2001,1158578
El Salvador,2002,1169526
El Salvador,2003,1256189
El Salvador,2004,979672
El Salvador,2005,986816
El Salvador,2006,757646
El Salvador,2007,552341
El Salvador,2008,761371
El Salvador,2009,747358
El Salvador,2010,689385
El Salvador,2011,614693
El Salvador,2012,522397
El Salvador,2013,438398
El Salvador,2014,428531
El Salvador,2015,327824
El Salvador,2016,358087
El Salvador,2017,282694
El Salvador,2018,252966
El Salvador,2019,185676
El Salvador,2021,320978
El Salvador,2022,327003
El Salvador,2023,292567
Equatorial Guinea,2022,160968
Estonia,1993,24280
Estonia,2003,48694
Estonia,2004,21714
Estonia,2005,14673
Estonia,2006,14632
Estonia,2007,7995
Estonia,2008,7401
Estonia,2009,10123
Estonia,2010,13948
Estonia,2011,15346
Estonia,2012,13854
Estonia,2013,14181
Estonia,2014,13039
Estonia,2015,8688
Estonia,2016,7700
Estonia,2017,6837
Estonia,2018,5513
Estonia,2019,9556
Estonia,2020,5505
Estonia,2021,4647
Estonia,2022,6721
Eswatini,1994,866734
Eswatini,2000,682600
Eswatini,2009,644324
Eswatini,2016,512544
Ethiopia,1995,42653610
Ethiopia,1999,43745398
Ethiopia,2004,31915058
Ethiopia,2010,34358197
Ethiopia,2015,34745568
Ethiopia,2021,47189607
Ethiopia (rural),1981,24656125
Europe and Central Asia (PIP),1990,33015473
Europe and Central Asia (PIP),1991,37245120
Europe and Central Asia (PIP),1992,45038450
Europe and Central Asia (PIP),1993,49839700
Europe and Central Asia (PIP),1994,62880193
Europe and Central Asia (PIP),1995,60748726
Europe and Central Asia (PIP),1996,62455931
Europe and Central Asia (PIP),1997,56974768
Europe and Central Asia (PIP),1998,58602769
Europe and Central Asia (PIP),1999,73835259
Europe and Central Asia (PIP),2000,64465130
Europe and Central Asia (PIP),2001,58383699
Europe and Central Asia (PIP),2002,51838976
Europe and Central Asia (PIP),2003,50304307
Europe and Central Asia (PIP),2004,43196197
Europe and Central Asia (PIP),2005,42689612
Europe and Central Asia (PIP),2006,37570060
Europe and Central Asia (PIP),2007,34431413
Europe and Central Asia (PIP),2008,31750361
Europe and Central Asia (PIP),2009,31565052
Europe and Central Asia (PIP),2010,31739843
Europe and Central Asia (PIP),2011,30446072
Europe and Central Asia (PIP),2012,30554289
Europe and Central Asia (PIP),2013,7725998
Europe and Central Asia (PIP),2014,8898964
Europe and Central Asia (PIP),2015,8410451
Europe and Central Asia (PIP),2016,6656608
Europe and Central Asia (PIP),2017,7046979
Europe and Central Asia (PIP),2018,5452489
Europe and Central Asia (PIP),2019,5238851
Europe and Central Asia (PIP),2020,5688309
Europe and Central Asia (PIP),2021,5399766
Europe and Central Asia (PIP),2022,5270586
Europe and Central Asia (PIP),2023,4754254
Europe and Central Asia (PIP),2024,4505232
Europe and Central Asia (PIP),2025,4292557
Fiji,2002,46272
Fiji,2008,34289
Fiji,2013,14226
Fiji,2019,42571
Finland,1987,0
Finland,1991,0
Finland,1995,0
Finland,2000,0
Finland,2003,2569
Finland,2004,2385
Finland,2005,4023
Finland,2006,4836
Finland,2007,3371
Finland,2008,4294
Finland,2009,2801
Finland,2010,3706
Finland,2011,2876
Finland,2012,2855
Finland,2013,4661
Finland,2014,3743
Finland,2015,4081
Finland,2016,2596
Finland,2017,4200
Finland,2018,4250
Finland,2019,2269
Finland,2020,1664
Finland,2021,1183
Finland,2022,5888
France,1970,0
France,1975,264056
France,1979,136461
France,1984,281466
France,1990,144223
France,1996,148573
France,1997,147580
France,1998,0
France,1999,0
France,2000,0
France,2001,0
France,2002,0
France,2003,107369
France,2004,45005
France,2005,33422
France,2006,18627
France,2007,11692
France,2008,6239
France,2009,69840
France,2010,58507
France,2011,23628
France,2012,40020
France,2013,54533
France,2014,19351
France,2015,96618
France,2016,43176
France,2017,12369
France,2018,14216
France,2019,34667
France,2020,77671
France,2021,47874
France,2022,37338
Gabon,2005,134279
Gabon,2017,82188
Gambia,1998,1074132
Gambia,2003,877398
Gambia,2010,660977
Gambia,2015,383430
Gambia,2020,554570
Georgia,1996,548347
Georgia,1997,1228700
Georgia,1998,1137298
Georgia,1999,1359863
Georgia,2000,1428388
Georgia,2001,1474271
Georgia,2002,887124
Georgia,2003,880641
Georgia,2004,822317
Georgia,2005,871274
Georgia,2006,872173
Georgia,2007,922374
Georgia,2008,833655
Georgia,2009,806706
Georgia,2010,894336
Georgia,2011,812312
Georgia,2012,700363
Georgia,2013,553543
Georgia,2014,447651
Georgia,2015,395008
Georgia,2016,390318
Georgia,2017,412517
Georgia,2018,409589
Georgia,2019,360956
Georgia,2020,445845
Georgia,2021,400160
Georgia,2022,287098
Georgia,2023,216490
Germany,1991,0
Germany,1992,188732
Germany,1993,0
Germany,1994,160978
Germany,1995,201285
Germany,1996,0
Germany,1997,0
Germany,1998,0
Germany,1999,0
Germany,2000,0
Germany,2001,0
Germany,2002,0
Germany,2003,189191
Germany,2004,0
Germany,2005,0
Germany,2006,0
Germany,2007,0
Germany,2008,0
Germany,2009,0
Germany,2010,0
Germany,2011,0
Germany,2012,0
Germany,2013,0
Germany,2014,0
Germany,2015,0
Germany,2016,0
Germany,2017,202061
Germany,2018,0
Germany,2019,207383
Germany,2020,202743
Ghana,1987,11312688
Ghana,1988,11477472
Ghana,1991,12920314
Ghana,1998,12266690
Ghana,2005,13909978
Ghana,2012,11383525
Ghana,2016,11647424
Greece,1995,210528
Greece,2000,53284
Greece,2003,61112
Greece,2004,99940
Greece,2005,49119
Greece,2006,71988
Greece,2007,68212
Greece,2008,40439
Greece,2009,70941
Greece,2010,118630
Greece,2011,163314
Greece,2012,236313
Greece,2013,167141
Greece,2014,214333
Greece,2015,214429
Greece,2016,150002
Greece,2017,115262
Greece,2018,17159
Greece,2019,104288
Greece,2020,117292
Greece,2021,74135
Greece,2022,65122
Grenada,2018,889
Guatemala,1986,3877987
Guatemala,1989,3082674
Guatemala,1998,1491532
Guatemala,2000,1028960
Guatemala,2006,1405664
Guatemala,2014,1248444
Guatemala,2023,1751031
Guinea,1991,5784141
Guinea,1994,2757754
Guinea,2002,4386188
Guinea,2007,4253908
Guinea,2012,2321876
Guinea,2018,1499361
Guinea-Bissau,1991,505575
Guinea-Bissau,1993,559184
Guinea-Bissau,2002,879644
Guinea-Bissau,2010,1185823
Guinea-Bissau,2018,720291
Guinea-Bissau,2021,834635
Guyana,1992,250079
Guyana,1998,99350
Haiti,2001,6351083
Haiti,2012,6555164
Honduras,1989,2395935
Honduras,1990,2573568
Honduras,1991,2114556
Honduras,1992,1923465
Honduras,1993,1697193
Honduras,1994,1837731
Honduras,1995,1975686
Honduras,1996,2252818
Honduras,1997,1670793
Honduras,1998,2014095
Honduras,1999,2055925
Honduras,2001,1793721
Honduras,2002,2009133
Honduras,2003,2420565
Honduras,2004,2430115
Honduras,2005,2343703
Honduras,2006,2090827
Honduras,2007,1724741
Honduras,2008,1673017
Honduras,2009,1479261
Honduras,2010,1636235
Honduras,2011,1715295
Honduras,2012,2088874
Honduras,2013,1848388
Honduras,2014,1866549
Honduras,2015,1841331
Honduras,2016,1867608
Honduras,2017,1853143
Honduras,2018,1938028
Honduras,2019,1867318
Honduras,2023,1811889
Honduras (urban),1986,1013659
Hungary,1987,0
Hungary,1989,0
Hungary,1991,232373
Hungary,1993,0
Hungary,1994,197886
Hungary,1999,73800
Hungary,2004,26598
Hungary,2005,102916
Hungary,2006,20137
Hungary,2007,24666
Hungary,2008,9008
Hungary,2009,11299
Hungary,2010,16688
Hungary,2011,17019
Hungary,2012,47204
Hungary,2013,45597
Hungary,2014,96830
Hungary,2015,95382
Hungary,2016,154402
Hungary,2017,89849
Hungary,2018,34450
Hungary,2019,50244
Hungary,2020,57599
Hungary,2021,66198
Hungary,2022,144754
Iceland,2003,109
Iceland,2004,497
Iceland,2005,110
Iceland,2006,560
Iceland,2007,251
Iceland,2008,193
Iceland,2009,310
Iceland,2010,475
Iceland,2011,601
Iceland,2012,108
Iceland,2013,286
Iceland,2014,0
Iceland,2015,114
Iceland,2016,0
Iceland,2017,0
Iceland,2018,946
India,1977,387017392
India,1983,375080304
India,1987,423633541
India,1993,442367724
India,2004,531711732
India,2009,426836613
India,2011,344469931
India,2022,75243301
Indonesia,1984,140798216
Indonesia,1987,150620220
Indonesia,1990,144204669
Indonesia,1993,150783602
Indonesia,1996,138475776
Indonesia,1998,173804253
Indonesia,1999,141029369
Indonesia,2000,141913938
Indonesia,2001,136435133
Indonesia,2002,104024227
Indonesia,2003,102506240
Indonesia,2004,103511510
Indonesia,2005,94873939
Indonesia,2006,109557782
Indonesia,2007,97377700
Indonesia,2008,91272284
Indonesia,2009,92119231
Indonesia,2010,83992295
Indonesia,2011,77860101
Indonesia,2012,67162878
Indonesia,2013,69506291
Indonesia,2014,66430830
Indonesia,2015,56512257
Indonesia,2016,47755897
Indonesia,2017,39451657
Indonesia,2018,33649751
Indonesia,2019,29563793
Indonesia,2020,27063139
Indonesia,2021,23702763
Indonesia,2022,21898331
Indonesia,2023,18885194
Indonesia,2024,15416395
Iran,1986,11220382
Iran,1990,12617689
Iran,1994,9696262
Iran,1998,9779921
Iran,2005,3222381
Iran,2006,3285495
Iran,2009,3784075
Iran,2011,1774928
Iran,2012,1406812
Iran,2013,1534037
Iran,2014,2696567
Iran,2015,2480827
Iran,2016,2498824
Iran,2017,2274640
Iran,2018,2720112
Iran,2019,3732652
Iran,2020,4080246
Iran,2021,3289651
Iran,2022,2518427
Iran,2023,2259452
Iraq,2006,162039
Iraq,2012,188173
Iraq,2023,247651
Ireland,1987,44082
Ireland,1994,17644
Ireland,1995,17828
Ireland,1996,8149
Ireland,2000,6784
Ireland,2002,9242
Ireland,2003,9018
Ireland,2004,3458
Ireland,2005,2608
Ireland,2006,20173
Ireland,2007,5689
Ireland,2008,9011
Ireland,2009,26195
Ireland,2010,34148
Ireland,2011,30835
Ireland,2012,24743
Ireland,2013,34263
Ireland,2014,20747
Ireland,2015,20115
Ireland,2016,16179
Ireland,2017,14617
Ireland,2018,4804
Ireland,2019,2781
Ireland,2020,9100
Ireland,2021,6600
Ireland,2022,10375
Israel,1979,14361
Israel,1986,20606
Israel,1992,11031
Israel,1997,27214
Israel,2001,16032
Israel,2002,49107
Israel,2003,62754
Israel,2004,66131
Israel,2005,67341
Israel,2006,35226
Israel,2007,35313
Israel,2008,53925
Israel,2009,55346
Israel,2010,35084
Israel,2011,20921
Israel,2012,58982
Israel,2013,38248
Israel,2014,60022
Israel,2015,41385
Israel,2016,41289
Israel,2017,63068
Israel,2018,63666
Israel,2019,90328
Israel,2020,68783
Israel,2021,67544
Italy,1977,128174
Italy,1978,271402
Italy,1979,275020
Italy,1980,128030
Italy,1981,107433
Italy,1982,132395
Italy,1983,123441
Italy,1984,139150
Italy,1986,139736
Italy,1987,666458
Italy,1989,0
Italy,1991,129971
Italy,1993,818768
Italy,1995,422892
Italy,1998,991567
Italy,2000,711501
Italy,2002,997832
Italy,2003,505284
Italy,2004,456107
Italy,2005,461564
Italy,2006,444651
Italy,2007,460613
Italy,2008,501558
Italy,2009,637683
Italy,2010,836082
Italy,2011,751029
Italy,2012,840434
Italy,2013,971684
Italy,2014,880721
Italy,2015,1245152
Italy,2016,1077893
Italy,2017,932977
Italy,2018,1028160
Italy,2019,618204
Italy,2020,520935
Italy,2021,513053
Italy,2022,404192
Jamaica,1988,322896
Jamaica,1990,276845
Jamaica,1993,503213
Jamaica,1996,209103
Jamaica,1999,148174
Jamaica,2002,169234
Jamaica,2004,121338
Jamaica,2018,11982
Jamaica,2021,39357
Japan,2008,1262522
Japan,2009,1095624
Japan,2010,882312
Japan,2011,611026
Japan,2012,1911502
Japan,2013,1222808
Japan,2014,946033
Japan,2015,512441
Japan,2016,933809
Japan,2017,797752
Japan,2018,1246105
Japan,2019,1546752
Japan,2020,1531691
Jordan,1986,0
Jordan,1992,46932
Jordan,1997,0
Jordan,2002,58613
Jordan,2006,18740
Jordan,2008,8293
Jordan,2010,7644
Kazakhstan,1993,2529503
Kazakhstan,1996,2399608
Kazakhstan,2001,3220766
Kazakhstan,2002,2536982
Kazakhstan,2003,1931533
Kazakhstan,2004,1197594
Kazakhstan,2005,2325715
Kazakhstan,2006,384049
Kazakhstan,2007,171056
Kazakhstan,2008,129333
Kazakhstan,2009,129077
Kazakhstan,2010,87902
Kazakhstan,2011,39653
Kazakhstan,2012,25281
Kazakhstan,2013,13170
Kazakhstan,2014,12465
Kazakhstan,2015,18977
Kazakhstan,2016,31101
Kazakhstan,2017,21538
Kazakhstan,2018,11574
Kazakhstan,2019,15305
Kazakhstan,2020,7295
Kazakhstan,2021,7932
Kenya,1992,7811408
Kenya,1994,8272960
Kenya,1997,9155021
Kenya,2005,16137598
Kenya,2015,17994903
Kenya,2020,23198970
Kenya,2021,24720223
Kiribati,2006,21285
Kiribati,2019,7637
Kosovo,2017,272515
Kosovo,2018,372180
Kosovo,2019,202410
Kosovo,2020,300402
Kosovo,2021,446178
Kyrgyzstan,2000,3241382
Kyrgyzstan,2001,3041723
Kyrgyzstan,2002,2900482
Kyrgyzstan,2003,2856415
Kyrgyzstan,2004,1661054
Kyrgyzstan,2005,1888139
Kyrgyzstan,2006,1356946
Kyrgyzstan,2007,1229915
Kyrgyzstan,2008,734644
Kyrgyzstan,2009,528984
Kyrgyzstan,2010,688865
Kyrgyzstan,2011,518484
Kyrgyzstan,2012,593799
Kyrgyzstan,2013,778389
Kyrgyzstan,2014,476050
Kyrgyzstan,2015,663791
Kyrgyzstan,2016,492341
Kyrgyzstan,2017,516756
Kyrgyzstan,2018,380748
Kyrgyzstan,2019,324220
Kyrgyzstan,2020,631273
Kyrgyzstan,2021,386990
Kyrgyzstan,2022,317324
Laos,1992,1932030
Laos,1997,3205438
Laos,2002,2429512
Laos,2007,2185076
Laos,2012,1420049
Laos,2018,1123223
Latin America and the Caribbean (PIP),1990,93633712
Latin America and the Caribbean (PIP),1991,92332635
Latin America and the Caribbean (PIP),1992,94538491
Latin America and the Caribbean (PIP),1993,95942829
Latin America and the Caribbean (PIP),1994,94280560
Latin America and the Caribbean (PIP),1995,91102531
Latin America and the Caribbean (PIP),1996,99399198
Latin America and the Caribbean (PIP),1997,98715182
Latin America and the Caribbean (PIP),1998,98939839
Latin America and the Caribbean (PIP),1999,101936272
Latin America and the Caribbean (PIP),2000,96074072
Latin America and the Caribbean (PIP),2001,96171314
Latin America and the Caribbean (PIP),2002,92891911
Latin America and the Caribbean (PIP),2003,91531198
Latin America and the Caribbean (PIP),2004,85451055
Latin America and the Caribbean (PIP),2005,80576783
Latin America and the Caribbean (PIP),2006,68695668
Latin America and the Caribbean (PIP),2007,62593004
Latin America and the Caribbean (PIP),2008,58188665
Latin America and the Caribbean (PIP),2009,56328715
Latin America and the Caribbean (PIP),2010,50677761
Latin America and the Caribbean (PIP),2011,46707358
Latin America and the Caribbean (PIP),2012,45042563
Latin America and the Caribbean (PIP),2013,41278161
Latin America and the Caribbean (PIP),2014,39421439
Latin America and the Caribbean (PIP),2015,37545853
Latin America and the Caribbean (PIP),2016,38975372
Latin America and the Caribbean (PIP),2017,38808953
Latin America and the Caribbean (PIP),2018,38557195
Latin America and the Caribbean (PIP),2019,39450041
Latin America and the Caribbean (PIP),2020,37297677
Latin America and the Caribbean (PIP),2021,41624090
Latin America and the Caribbean (PIP),2022,33620283
Latin America and the Caribbean (PIP),2023,30668450
Latin America and the Caribbean (PIP),2024,30306703
Latin America and the Caribbean (PIP),2025,30251771
Latvia,1993,0
Latvia,1995,53528
Latvia,1996,92711
Latvia,2004,82702
Latvia,2005,69636
Latvia,2006,43160
Latvia,2007,18309
Latvia,2008,34544
Latvia,2009,55653
Latvia,2010,54459
Latvia,2011,34134
Latvia,2012,29271
Latvia,2013,30975
Latvia,2014,22250
Latvia,2015,20434
Latvia,2016,18836
Latvia,2017,19085
Latvia,2018,10776
Latvia,2019,6459
Latvia,2020,9732
Latvia,2021,9246
Latvia,2022,7971
Lebanon,2011,3181
Lebanon,2022,339956
Lesotho,1986,1059254
Lesotho,1994,1154587
Lesotho,2002,1487784
Lesotho,2017,904486
Liberia,2007,2240694
Liberia,2014,1448935
Liberia,2016,1595931
Lithuania,1993,525509
Lithuania,2004,134333
Lithuania,2005,91260
Lithuania,2006,60478
Lithuania,2007,51749
Lithuania,2008,57922
Lithuania,2009,86114
Lithuania,2010,61446
Lithuania,2011,26958
Lithuania,2012,31376
Lithuania,2013,35484
Lithuania,2014,50324
Lithuania,2015,30377
Lithuania,2016,42425
Lithuania,2017,33012
Lithuania,2018,27489
Lithuania,2019,16859
Lithuania,2020,13214
Lithuania,2021,8921
Lithuania,2022,22703
Luxembourg,1985,0
Luxembourg,1986,0
Luxembourg,1987,0
Luxembourg,1988,0
Luxembourg,1989,0
Luxembourg,1990,0
Luxembourg,1991,0
Luxembourg,1992,0
Luxembourg,1993,0
Luxembourg,1994,0
Luxembourg,1995,0
Luxembourg,1996,0
Luxembourg,1997,0
Luxembourg,1998,0
Luxembourg,1999,0
Luxembourg,2000,0
Luxembourg,2001,0
Luxembourg,2002,0
Luxembourg,2003,324
Luxembourg,2004,83
Luxembourg,2005,192
Luxembourg,2006,18
Luxembourg,2007,105
Luxembourg,2008,0
Luxembourg,2009,238
Luxembourg,2010,166
Luxembourg,2011,715
Luxembourg,2012,232
Luxembourg,2013,484
Luxembourg,2014,892
Luxembourg,2015,1765
Luxembourg,2016,682
Luxembourg,2017,1736
Luxembourg,2018,1848
Luxembourg,2019,627
Luxembourg,2020,0
Luxembourg,2021,527
Luxembourg,2022,682
Madagascar,1980,5559423
Madagascar,1993,11065387
Madagascar,1997,12093085
Madagascar,1999,12563729
Madagascar,2001,13523922
Madagascar,2005,16073928
Madagascar,2010,19364964
Madagascar,2012,21000147
Malawi,1997,6942656
Malawi,2004,9358080
Malawi,2010,10879923
Malawi,2016,12687615
Malawi,2019,14471520
Malaysia,1984,982360
Malaysia,1987,953166
Malaysia,1989,855188
Malaysia,1992,942482
Malaysia,1995,1063900
Malaysia,1997,366371
Malaysia,2003,783065
Malaysia,2006,438937
Malaysia,2008,410799
Malaysia,2011,107366
Malaysia,2013,32791
Malaysia,2015,16589
Malaysia,2018,9997
Malaysia,2021,4510
Maldives,2002,55272
Maldives,2009,46473
Maldives,2016,387
Maldives,2019,0
Mali,1994,8906410
Mali,2001,8186597
Mali,2006,9025106
Mali,2009,10064251
Mali,2018,6111273
Mali,2021,8223746
Malta,2006,2226
Malta,2007,2146
Malta,2008,734
Malta,2009,1976
Malta,2010,1072
Malta,2011,873
Malta,2012,786
Malta,2013,126
Malta,2014,0
Malta,2015,376
Malta,2016,517
Malta,2017,772
Malta,2018,772
Malta,2019,1536
Malta,2020,2030
Malta,2021,631
Malta,2022,585
Marshall Islands,2019,911
Mauritania,1987,915589
Mauritania,1993,1177094
Mauritania,1995,741578
Mauritania,2000,811600
Mauritania,2004,828041
Mauritania,2008,616473
Mauritania,2014,450496
Mauritania,2019,464788
Mauritius,2006,13818
Mauritius,2012,13485
Mauritius,2017,6833
Mexico,1984,10992635
Mexico,1989,12004015
Mexico,1992,11462227
Mexico,1994,12181827
Mexico,1996,20057037
Mexico,1998,20923659
Mexico,2000,16121362
Mexico,2002,13002918
Mexico,2004,11533711
Mexico,2005,12338881
Mexico,2006,9698953
Mexico,2008,11129456
Mexico,2010,9554728
Mexico,2012,8517380
Mexico,2014,8622699
Mexico,2016,5424162
Mexico,2018,4850951
Mexico,2020,5396612
Mexico,2022,2997195
Micronesia (country),2005,17550
Micronesia (country),2013,28270
Micronesia (country) (urban),2000,12655
Middle East and North Africa (PIP),1990,29137195
Middle East and North Africa (PIP),1991,30431986
Middle East and North Africa (PIP),1992,28366963
Middle East and North Africa (PIP),1993,27803419
Middle East and North Africa (PIP),1994,27226002
Middle East and North Africa (PIP),1995,27877467
Middle East and North Africa (PIP),1996,25513292
Middle East and North Africa (PIP),1997,24836114
Middle East and North Africa (PIP),1998,23351388
Middle East and North Africa (PIP),1999,22597899
Middle East and North Africa (PIP),2000,21282395
Middle East and North Africa (PIP),2001,21232118
Middle East and North Africa (PIP),2002,19992848
Middle East and North Africa (PIP),2003,18947205
Middle East and North Africa (PIP),2004,17898000
Middle East and North Africa (PIP),2005,17584757
Middle East and North Africa (PIP),2006,17098353
Middle East and North Africa (PIP),2007,16921924
Middle East and North Africa (PIP),2008,16848535
Middle East and North Africa (PIP),2009,15948311
Middle East and North Africa (PIP),2010,14061902
Middle East and North Africa (PIP),2011,14615819
Middle East and North Africa (PIP),2012,14958830
Middle East and North Africa (PIP),2013,17100210
Middle East and North Africa (PIP),2014,19955903
Middle East and North Africa (PIP),2015,25152041
Middle East and North Africa (PIP),2016,29780890
Middle East and North Africa (PIP),2017,30141708
Middle East and North Africa (PIP),2018,30538237
Middle East and North Africa (PIP),2019,31266567
Middle East and North Africa (PIP),2020,36471389
Middle East and North Africa (PIP),2021,37107817
Middle East and North Africa (PIP),2022,37101723
Middle East and North Africa (PIP),2023,38808092
Middle East and North Africa (PIP),2024,40906829
Middle East and North Africa (PIP),2025,43409636
Moldova,1997,560772
Moldova,1998,936505
Moldova,1999,1288740
Moldova,2000,1199045
Moldova,2001,939383
Moldova,2002,580226
Moldova,2003,291249
Moldova,2004,334554
Moldova,2005,479013
Moldova,2006,98058
Moldova,2007,45474
Moldova,2008,48688
Moldova,2009,42127
Moldova,2010,23905
Moldova,2011,13301
Moldova,2012,14913
Moldova,2013,4221
Moldova,2014,142
Moldova,2015,1558
Moldova,2016,4622
Moldova,2017,1687
Moldova,2018,494
Moldova,2019,763
Moldova,2021,4274
Moldova,2022,1000
Mongolia,1995,491913
Mongolia,1998,921692
Mongolia,2002,458174
Mongolia,2007,104905
Mongolia,2010,95689
Mongolia,2011,61050
Mongolia,2012,30745
Mongolia,2014,23130
Mongolia,2016,59873
Mongolia,2018,54255
Mongolia,2022,15102
Montenegro,2012,34764
Montenegro,2013,32089
Montenegro,2014,24006
Montenegro,2015,22489
Montenegro,2016,20647
Montenegro,2017,28920
Montenegro,2018,24321
Montenegro,2019,15509
Montenegro,2020,13937
Montenegro,2021,15442
Morocco,1984,4888054
Morocco,1990,2778345
Morocco,1998,4842726
Morocco,2000,4827986
Morocco,2006,2919937
Morocco,2013,1249655
Mozambique,1996,14571108
Mozambique,2002,16791151
Mozambique,2008,18012567
Mozambique,2014,19431937
Mozambique,2019,25257466
Myanmar,2015,9319001
Myanmar,2017,5327653
Namibia,1993,932129
Namibia,2003,920741
Namibia,2009,808424
Namibia,2015,546845
Nauru,2012,1015
Nepal,1984,14300069
Nepal,1995,15913336
Nepal,2003,14348173
Nepal,2010,5884206
Nepal,2022,723708
Netherlands,1983,107584
Netherlands,1987,66224
Netherlands,1990,179597
Netherlands,1993,225531
Netherlands,1999,32082
Netherlands,2004,55482
Netherlands,2005,24206
Netherlands,2006,7485
Netherlands,2007,4690
Netherlands,2008,28689
Netherlands,2009,37717
Netherlands,2010,7882
Netherlands,2011,23279
Netherlands,2012,12707
Netherlands,2013,15261
Netherlands,2014,25150
Netherlands,2015,11563
Netherlands,2016,9825
Netherlands,2017,35306
Netherlands,2018,19323
Netherlands,2019,16604
Netherlands,2020,7116
Netherlands,2021,17053
Nicaragua,1993,2099305
Nicaragua,1998,1696889
Nicaragua,2001,1338610
Nicaragua,2005,881339
Nicaragua,2009,787065
Nicaragua,2014,398591
Niger,1992,7974670
Niger,1994,8457458
Niger,2005,11534364
Niger,2007,12419783
Niger,2011,11824314
Niger,2014,11587913
Niger,2018,13349272
Niger,2021,15066246
Nigeria,1985,43643925
Nigeria,1992,56474168
Nigeria,1996,69742473
Nigeria,2003,71425928
Nigeria,2010,65044079
Nigeria,2012,66883309
Nigeria,2015,69050171
Nigeria,2018,71240545
North Macedonia,2009,237424
North Macedonia,2010,249472
North Macedonia,2011,211814
North Macedonia,2012,175808
North Macedonia,2013,141914
North Macedonia,2014,123568
North Macedonia,2015,133956
North Macedonia,2016,108444
North Macedonia,2017,107079
North Macedonia,2018,80851
North Macedonia,2019,73931
Norway,1979,9266
Norway,1986,10205
Norway,1991,20254
Norway,1995,21405
Norway,2000,10557
Norway,2003,9988
Norway,2004,13540
Norway,2005,9805
Norway,2006,7667
Norway,2007,7268
Norway,2008,11451
Norway,2009,4198
Norway,2010,7382
Norway,2011,6365
Norway,2012,6382
Norway,2013,8376
Norway,2014,5801
Norway,2015,8823
Norway,2016,14692
Norway,2017,15390
Norway,2018,14969
Norway,2019,10184
Norway,2020,15867
Norway,2021,9207
Norway,2022,16080
Other high income countries (PIP),1990,5623130
Other high income countries (PIP),1991,5793975
Other high income countries (PIP),1992,6431469
Other high income countries (PIP),1993,7624714
Other high income countries (PIP),1994,7341289
Other high income countries (PIP),1995,7233135
Other high income countries (PIP),1996,6591634
Other high income countries (PIP),1997,6518599
Other high income countries (PIP),1998,6492358
Other high income countries (PIP),1999,6204326
Other high income countries (PIP),2000,5929533
Other high income countries (PIP),2001,6869938
Other high income countries (PIP),2002,7096832
Other high income countries (PIP),2003,7010074
Other high income countries (PIP),2004,6417455
Other high income countries (PIP),2005,6372290
Other high income countries (PIP),2006,6240683
Other high income countries (PIP),2007,6193245
Other high income countries (PIP),2008,6324613
Other high income countries (PIP),2009,6591188
Other high income countries (PIP),2010,7324098
Other high income countries (PIP),2011,6491932
Other high income countries (PIP),2012,8184301
Other high income countries (PIP),2013,7593919
Other high income countries (PIP),2014,7702708
Other high income countries (PIP),2015,7914849
Other high income countries (PIP),2016,8142170
Other high income countries (PIP),2017,7810009
Other high income countries (PIP),2018,7432280
Other high income countries (PIP),2019,7582161
Other high income countries (PIP),2020,5820721
Other high income countries (PIP),2021,5481872
Other high income countries (PIP),2022,7792427
Other high income countries (PIP),2023,7697846
Other high income countries (PIP),2024,7709204
Other high income countries (PIP),2025,7727951
Pakistan,1987,84762631
Pakistan,1990,93854208
Pakistan,1996,63693175
Pakistan,1998,74694002
Pakistan,2001,90693514
Pakistan,2004,70849401
Pakistan,2005,72462091
Pakistan,2007,65201730
Pakistan,2010,53709044
Pakistan,2011,53346964
Pakistan,2013,45184523
Pakistan,2015,36987874
Pakistan,2018,37799718
Palestine,2004,56733
Palestine,2005,41814
Palestine,2006,16145
Palestine,2007,102295
Palestine,2009,22503
Palestine,2010,24522
Palestine,2011,14538
Palestine,2016,61070
Palestine,2023,107103
Panama,1979,299120
Panama,1989,715678
Panama,1991,680320
Panama,1995,575336
Panama,1997,564723
Panama,1998,572099
Panama,1999,522932
Panama,2000,492048
Panama,2001,637979
Panama,2002,538571
Panama,2003,535780
Panama,2004,505349
Panama,2005,481781
Panama,2006,530516
Panama,2007,445916
Panama,2008,315116
Panama,2009,236877
Panama,2010,277895
Panama,2011,224610
Panama,2012,279624
Panama,2013,226379
Panama,2014,248314
Panama,2015,189467
Panama,2016,193316
Panama,2017,175284
Panama,2018,156149
Panama,2019,123473
Panama,2021,143420
Panama,2023,166417
Papua New Guinea,1996,3022990
Papua New Guinea,2009,3946359
Paraguay,1990,102780
Paraguay,1995,838318
Paraguay,1997,714772
Paraguay,1999,752264
Paraguay,2001,698805
Paraguay,2002,1030539
Paraguay,2003,736534
Paraguay,2004,577555
Paraguay,2005,547661
Paraguay,2006,774951
Paraguay,2007,698324
Paraguay,2008,444211
Paraguay,2009,517728
Paraguay,2010,538347
Paraguay,2011,520021
Paraguay,2012,379640
Paraguay,2013,246049
Paraguay,2014,258986
Paraguay,2015,259370
Paraguay,2016,260540
Paraguay,2017,150548
Paraguay,2018,197508
Paraguay,2019,159221
Paraguay,2020,168734
Paraguay,2021,124292
Paraguay,2022,235320
Paraguay,2023,174952
Peru,1997,6789788
Peru,1998,6618335
Peru,1999,6886066
Peru,2000,6793644
Peru,2001,7387512
Peru,2002,6656300
Peru,2003,6193676
Peru,2004,6558688
Peru,2005,7130733
Peru,2006,6188125
Peru,2007,5390394
Peru,2008,4540167
Peru,2009,3951148
Peru,2010,3257798
Peru,2011,3030021
Peru,2012,2815334
Peru,2013,2569280
Peru,2014,2407252
Peru,2015,2423835
Peru,2016,2305520
Peru,2017,2291103
Peru,2018,1937858
Peru,2019,1758509
Peru,2020,3385052
Peru,2021,1720739
Peru,2022,1620487
Peru,2023,1989695
Philippines,1985,23928765
Philippines,1988,24492682
Philippines,1991,26162370
Philippines,1994,26747045
Philippines,1997,22710943
Philippines,2000,22921265
Philippines,2003,22248292
Philippines,2006,24935222
Philippines,2009,22122020
Philippines,2012,24981294
Philippines,2015,19945071
Philippines,2018,14679164
Philippines,2021,17752037
Philippines,2023,13248946
Poland,1985,0
Poland,1986,183990
Poland,1987,0
Poland,1989,0
Poland,1992,85786
Poland,1995,964849
Poland,1999,385301
Poland,2004,1087778
Poland,2005,526204
Poland,2006,355160
Poland,2007,221425
Poland,2008,122993
Poland,2009,210255
Poland,2010,217141
Poland,2011,213012
Poland,2012,162669
Poland,2013,216213
Poland,2014,215244
Poland,2015,198916
Poland,2016,137093
Poland,2017,160703
Poland,2018,116208
Poland,2019,38900
Poland,2020,71655
Poland,2021,42268
Poland,2022,119271
Portugal,2003,113229
Portugal,2004,69706
Portugal,2005,73981
Portugal,2006,18455
Portugal,2007,64786
Portugal,2008,36730
Portugal,2009,18002
Portugal,2010,23226
Portugal,2011,65834
Portugal,2012,92782
Portugal,2013,109143
Portugal,2014,80785
Portugal,2015,75641
Portugal,2016,42341
Portugal,2017,45407
Portugal,2018,39324
Portugal,2019,19021
Portugal,2020,65570
Portugal,2021,33928
Portugal,2022,23451
Qatar,2017,0
Romania,1989,0
Romania,1992,0
Romania,1994,4185087
Romania,1995,793221
Romania,1997,958283
Romania,2006,2347214
Romania,2007,1700557
Romania,2008,1241655
Romania,2009,1088709
Romania,2010,1273780
Romania,2011,1433912
Romania,2012,1678495
Romania,2013,1747437
Romania,2014,1769097
Romania,2015,1505936
Romania,2016,1028924
Romania,2017,958919
Romania,2018,727986
Romania,2019,599060
Romania,2020,468002
Romania,2021,387983
Romania,2022,276738
Russia,1993,9235621
Russia,1996,10557890
Russia,1997,4035957
Russia,1998,5905955
Russia,1999,10626104
Russia,2000,7513887
Russia,2001,4648191
Russia,2002,2954801
Russia,2003,3079284
Russia,2004,2613561
Russia,2005,2030839
Russia,2006,1303084
Russia,2007,636300
Russia,2008,261755
Russia,2009,229403
Russia,2010,274689
Russia,2011,139015
Russia,2012,134123
Russia,2013,84463
Russia,2014,78887
Russia,2015,127911
Russia,2016,92756
Russia,2017,147000
Russia,2018,138465
Russia,2019,111058
Russia,2020,60539
Rwanda,2000,6784086
Rwanda,2005,6851006
Rwanda,2010,7388221
Rwanda,2013,7370212
Rwanda,2016,7748723
Rwanda (rural),1984,4338249
Saint Lucia,1995,61542
Saint Lucia,2015,11237
Samoa,2002,10862
Samoa,2008,7115
Samoa,2013,8860
Sao Tome and Principe,2000,25085
Sao Tome and Principe,2010,34451
Sao Tome and Principe,2017,26919
Senegal,1991,6185626
Senegal,1994,6280395
Senegal,2001,6575775
Senegal,2005,6132504
Senegal,2011,6959809
Senegal,2018,3089557
Senegal,2021,3135018
Serbia,2012,514615
Serbia,2013,561470
Serbia,2014,633221
Serbia,2015,596715
Serbia,2016,571227
Serbia,2017,466607
Serbia,2018,290058
Serbia,2019,189207
Serbia,2020,140507
Serbia,2021,115932
Serbia,2022,135893
Seychelles,1999,1422
Seychelles,2006,519
Seychelles,2013,1418
Seychelles,2018,652
Sierra Leone,2003,3778485
Sierra Leone,2011,3429799
Sierra Leone,2018,3134026
Slovakia,1992,0
Slovakia,1996,93845
Slovakia,2004,10867
Slovakia,2005,13663
Slovakia,2006,17210
Slovakia,2007,30570
Slovakia,2008,27803
Slovakia,2009,32823
Slovakia,2010,32151
Slovakia,2011,32700
Slovakia,2012,27286
Slovakia,2013,23803
Slovakia,2014,48193
Slovakia,2015,43275
Slovakia,2016,83841
Slovakia,2017,31339
Slovakia,2018,27682
Slovakia,2019,12631
Slovakia,2020,16105
Slovakia,2021,18740
Slovakia,2022,37786
Slovenia,1987,0
Slovenia,1993,0
Slovenia,1997,4597
Slovenia,1999,4902
Slovenia,2004,2260
Slovenia,2005,2490
Slovenia,2006,1585
Slovenia,2007,714
Slovenia,2008,0
Slovenia,2009,327
Slovenia,2010,188
Slovenia,2011,0
Slovenia,2012,540
Slovenia,2013,448
Slovenia,2014,0
Slovenia,2015,100
Slovenia,2016,0
Slovenia,2017,0
Slovenia,2018,0
Slovenia,2019,0
Slovenia,2020,0
Slovenia,2021,0
Slovenia,2022,0
Solomon Islands,2005,303062
Solomon Islands,2012,237966
South Africa,1993,19300141
South Africa,2000,22720560
South Africa,2005,20814019
South Africa,2008,15611942
South Africa,2010,15464954
South Africa,2014,17656480
South Asia (PIP),1990,602213297
South Asia (PIP),1991,606088675
South Asia (PIP),1992,599750931
South Asia (PIP),1993,606256046
South Asia (PIP),1994,601337653
South Asia (PIP),1995,608572890
South Asia (PIP),1996,610326721
South Asia (PIP),1997,621537926
South Asia (PIP),1998,636863645
South Asia (PIP),1999,647990400
South Asia (PIP),2000,661941886
South Asia (PIP),2001,677792989
South Asia (PIP),2002,690156503
South Asia (PIP),2003,688649804
South Asia (PIP),2004,681556466
South Asia (PIP),2005,665730569
South Asia (PIP),2006,634249594
South Asia (PIP),2007,603740658
South Asia (PIP),2008,583288914
South Asia (PIP),2009,565885765
South Asia (PIP),2010,503850325
South Asia (PIP),2011,465891961
South Asia (PIP),2012,433675110
South Asia (PIP),2013,395800639
South Asia (PIP),2014,353854649
South Asia (PIP),2015,306578977
South Asia (PIP),2016,261710910
South Asia (PIP),2017,224883430
South Asia (PIP),2018,196924125
South Asia (PIP),2019,181547679
South Asia (PIP),2020,195237227
South Asia (PIP),2021,167781708
South Asia (PIP),2022,141500039
South Asia (PIP),2023,122054046
South Asia (PIP),2024,107217837
South Asia (PIP),2025,94901747
South Korea,2006,238414
South Korea,2008,233274
South Korea,2010,245739
South Korea,2012,249471
South Korea,2014,119581
South Korea,2016,126657
South Korea,2017,123437
South Korea,2018,128327
South Korea,2019,127650
South Korea,2020,0
South Korea,2021,128784
South Sudan,2009,4148243
South Sudan,2016,8066919
Spain,1980,279357
Spain,1985,175755
Spain,1990,192170
Spain,1993,586878
Spain,1994,492517
Spain,1995,588846
Spain,1996,594804
Spain,1997,394965
Spain,1998,383211
Spain,1999,290833
Spain,2000,370259
Spain,2003,383167
Spain,2004,436065
Spain,2005,374006
Spain,2006,392573
Spain,2007,252858
Spain,2008,256760
Spain,2009,401038
Spain,2010,349100
Spain,2011,603089
Spain,2012,476654
Spain,2013,610305
Spain,2014,440423
Spain,2015,489711
Spain,2016,603911
Spain,2017,388281
Spain,2018,457379
Spain,2019,421479
Spain,2020,519528
Spain,2021,311897
Spain,2022,375018
Sri Lanka,1985,4390757
Sri Lanka,1990,3836192
Sri Lanka,1995,4084658
Sri Lanka,2002,4101373
Sri Lanka,2006,2483512
Sri Lanka,2009,1625055
Sri Lanka,2012,1328234
Sri Lanka,2016,808628
Sri Lanka,2019,589870
Sub-Saharan Africa (PIP),1990,317249901
Sub-Saharan Africa (PIP),1991,332603107
Sub-Saharan Africa (PIP),1992,347851251
Sub-Saharan Africa (PIP),1993,362366194
Sub-Saharan Africa (PIP),1994,373258348
Sub-Saharan Africa (PIP),1995,381693532
Sub-Saharan Africa (PIP),1996,388511077
Sub-Saharan Africa (PIP),1997,396328249
Sub-Saharan Africa (PIP),1998,406033161
Sub-Saharan Africa (PIP),1999,415856367
Sub-Saharan Africa (PIP),2000,424420905
Sub-Saharan Africa (PIP),2001,430119778
Sub-Saharan Africa (PIP),2002,439114608
Sub-Saharan Africa (PIP),2003,444448240
Sub-Saharan Africa (PIP),2004,434905902
Sub-Saharan Africa (PIP),2005,435184145
Sub-Saharan Africa (PIP),2006,435125364
Sub-Saharan Africa (PIP),2007,438710649
Sub-Saharan Africa (PIP),2008,439426480
Sub-Saharan Africa (PIP),2009,446235465
Sub-Saharan Africa (PIP),2010,443775601
Sub-Saharan Africa (PIP),2011,446534035
Sub-Saharan Africa (PIP),2012,448062459
Sub-Saharan Africa (PIP),2013,451615022
Sub-Saharan Africa (PIP),2014,455073439
Sub-Saharan Africa (PIP),2015,468256849
Sub-Saharan Africa (PIP),2016,479622833
Sub-Saharan Africa (PIP),2017,488967767
Sub-Saharan Africa (PIP),2018,498072727
Sub-Saharan Africa (PIP),2019,509610142
Sub-Saharan Africa (PIP),2020,540378070
Sub-Saharan Africa (PIP),2021,552800184
Sub-Saharan Africa (PIP),2022,558768920
Sub-Saharan Africa (PIP),2023,569284088
Sub-Saharan Africa (PIP),2024,582708012
Sub-Saharan Africa (PIP),2025,587171314
Sudan,2009,4524854
Sudan,2014,3921138
Suriname,2022,13573
Suriname (urban),1999,63845
Sweden,1975,40879
Sweden,1981,41508
Sweden,1987,20680
Sweden,1992,21108
Sweden,1995,44134
Sweden,2000,22142
Sweden,2001,22122
Sweden,2002,0
Sweden,2003,31680
Sweden,2004,40864
Sweden,2005,102783
Sweden,2006,37491
Sweden,2007,41843
Sweden,2008,60764
Sweden,2009,49008
Sweden,2010,59901
Sweden,2011,62182
Sweden,2012,45193
Sweden,2013,62486
Sweden,2014,51032
Sweden,2015,63615
Sweden,2016,41936
Sweden,2017,26703
Sweden,2018,87343
Sweden,2019,37014
Sweden,2020,46720
Sweden,2021,67023
Sweden,2022,133341
Switzerland,1982,44573
Switzerland,1992,49913
Switzerland,2000,17306
Switzerland,2002,0
Switzerland,2004,17650
Switzerland,2006,5694
Switzerland,2007,5353
Switzerland,2008,5992
Switzerland,2009,2947
Switzerland,2010,5575
Switzerland,2011,832
Switzerland,2012,717
Switzerland,2013,3412
Switzerland,2014,2683
Switzerland,2015,2530
Switzerland,2016,3761
Switzerland,2017,1845
Switzerland,2018,3002
Switzerland,2019,1491
Switzerland,2020,6092
Switzerland,2021,3320
Syria,1996,177836
Syria,2003,83303
Syria,2006,0
Syria,2009,0
Syria,2022,3699589
Taiwan,1981,42870
Taiwan,1986,0
Taiwan,1991,0
Taiwan,1995,106037
Taiwan,1997,0
Taiwan,2000,0
Taiwan,2005,0
Taiwan,2007,0
Taiwan,2010,55765
Taiwan,2013,58177
Taiwan,2016,0
Taiwan,2017,0
Taiwan,2018,0
Taiwan,2019,0
Taiwan,2020,0
Taiwan,2021,0
Tajikistan,1999,4939200
Tajikistan,2003,3747088
Tajikistan,2004,2546867
Tajikistan,2007,1744223
Tajikistan,2009,1180394
Tajikistan,2015,1152246
Tanzania,1991,20129508
Tanzania,2000,30054013
Tanzania,2007,25638296
Tanzania,2011,24253716
Tanzania,2018,29418882
Thailand,1981,14438049
Thailand,1988,14146590
Thailand,1990,11523333
Thailand,1992,9165998
Thailand,1994,5389121
Thailand,1996,3849753
Thailand,1998,3517220
Thailand,1999,5183673
Thailand,2000,5313047
Thailand,2002,2993863
Thailand,2004,2024490
Thailand,2006,1477142
Thailand,2007,861372
Thailand,2008,670489
Thailand,2009,535168
Thailand,2010,485965
Thailand,2011,209165
Thailand,2012,269296
Thailand,2013,148501
Thailand,2014,160669
Thailand,2015,93030
Thailand,2016,97672
Thailand,2017,71236
Thailand,2018,75970
Thailand,2019,96293
Thailand,2020,45165
Thailand,2021,20515
Thailand,2022,28353
Thailand,2023,3472
Togo,2006,4066215
Togo,2011,4529897
Togo,2015,4727987
Togo,2018,2947039
Togo,2021,3123500
Tonga,2000,4718
Tonga,2009,3902
Tonga,2015,4233
Tonga,2021,431
Trinidad and Tobago,1988,7208
Trinidad and Tobago,1992,41177
Tunisia,1985,1601058
Tunisia,1990,1356479
Tunisia,1995,1590120
Tunisia,2000,1026490
Tunisia,2005,606908
Tunisia,2010,338400
Tunisia,2015,75342
Tunisia,2021,78910
Turkey,1987,4763857
Turkey,1994,6034601
Turkey,2002,5113752
Turkey,2003,6795651
Turkey,2004,4516098
Turkey,2005,4535608
Turkey,2006,3379596
Turkey,2007,2783434
Turkey,2008,2323512
Turkey,2009,2145313
Turkey,2010,2058100
Turkey,2011,1481880
Turkey,2012,1279614
Turkey,2013,1156201
Turkey,2014,785837
Turkey,2015,1042505
Turkey,2016,710398
Turkey,2017,903804
Turkey,2018,810846
Turkey,2019,1054772
Turkey,2020,951497
Turkey,2021,795167
Turkey,2022,450036
Turkmenistan,1998,1547023
Tuvalu,2010,954
Uganda,1989,12378685
Uganda,1992,15128268
Uganda,1996,16774894
Uganda,1999,19076407
Uganda,2002,20294353
Uganda,2005,20444911
Uganda,2009,20226027
Uganda,2012,19537260
Uganda,2016,23734551
Uganda,2019,26264740
Ukraine,1992,4224711
Ukraine,1993,2675949
Ukraine,1995,7490470
Ukraine,1996,7806232
Ukraine,2002,3045476
Ukraine,2003,1564255
Ukraine,2004,1339625
Ukraine,2005,530169
Ukraine,2006,315389
Ukraine,2007,217322
Ukraine,2008,59595
Ukraine,2009,147808
Ukraine,2010,62130
Ukraine,2011,32854
Ukraine,2012,63208
Ukraine,2013,24430
Ukraine,2014,12130
Ukraine,2015,125030
Ukraine,2016,113620
Ukraine,2017,37850
Ukraine,2018,106736
Ukraine,2019,80958
Ukraine,2020,15087
United Arab Emirates,2013,0
United Arab Emirates,2018,0
United Kingdom,1968,123012
United Kingdom,1969,135144
United Kingdom,1970,130494
United Kingdom,1971,0
United Kingdom,1972,129036
United Kingdom,1973,0
United Kingdom,1974,134035
United Kingdom,1975,133169
United Kingdom,1976,0
United Kingdom,1977,137495
United Kingdom,1978,0
United Kingdom,1979,0
United Kingdom,1980,0
United Kingdom,1981,0
United Kingdom,1982,132886
United Kingdom,1983,0
United Kingdom,1984,139782
United Kingdom,1985,123248
United Kingdom,1986,139821
United Kingdom,1987,0
United Kingdom,1988,129057
United Kingdom,1989,132317
United Kingdom,1990,125285
United Kingdom,1991,129928
United Kingdom,1992,138242
United Kingdom,1993,139200
United Kingdom,1994,142713
United Kingdom,1995,143389
United Kingdom,1996,143304
United Kingdom,1997,144189
United Kingdom,1998,143620
United Kingdom,1999,145845
United Kingdom,2000,146575
United Kingdom,2001,146576
United Kingdom,2002,148073
United Kingdom,2003,149043
United Kingdom,2004,149830
United Kingdom,2005,148979
United Kingdom,2006,140033
United Kingdom,2007,149489
United Kingdom,2008,152586
United Kingdom,2009,155023
United Kingdom,2010,154626
United Kingdom,2011,156443
United Kingdom,2012,314782
United Kingdom,2013,156767
United Kingdom,2014,159116
United Kingdom,2015,162300
United Kingdom,2016,163486
United Kingdom,2017,164682
United Kingdom,2018,331293
United Kingdom,2019,332871
United Kingdom,2020,334959
United Kingdom,2021,334000
United States,1963,2836004
United States,1964,2874400
United States,1965,2427521
United States,1966,2439679
United States,1967,1984094
United States,1968,2005390
United States,1969,1515863
United States,1970,2047596
United States,1971,2072262
United States,1972,1571411
United States,1973,1588394
United States,1974,1597831
United States,1975,1611719
United States,1976,1622950
United States,1977,1100092
United States,1978,1667132
United States,1979,1687023
United States,1980,1135032
United States,1981,1145665
United States,1982,1732224
United States,1983,1750567
United States,1984,1767208
United States,1985,1783612
United States,1986,1793422
United States,1987,1209680
United States,1988,1220549
United States,1989,1232124
United States,1990,1240984
United States,1991,1263355
United States,1992,1277182
United States,1993,1945153
United States,1994,1965866
United States,1995,1991054
United States,1996,2016536
United States,1997,2042369
United States,1998,2065689
United States,1999,2087376
United States,2000,2115076
United States,2001,2844775
United States,2002,2874840
United States,2003,2893594
United States,2004,2927708
United States,2005,2954374
United States,2006,2979787
United States,2007,3011243
United States,2008,3040177
United States,2009,3065832
United States,2010,3860593
United States,2011,3112645
United States,2012,3134005
United States,2013,3146262
United States,2014,3976476
United States,2015,4006633
United States,2016,4031721
United States,2017,4063776
United States,2018,3267702
United States,2019,3280576
United States,2020,1656369
United States,2021,1647926
United States,2022,4163179
United States,2023,4185546
Uruguay,2006,33711
Uruguay,2007,24416
Uruguay,2008,13547
Uruguay,2009,14501
Uruguay,2010,9677
Uruguay,2011,8169
Uruguay,2012,8989
Uruguay,2013,10247
Uruguay,2014,7100
Uruguay,2015,7288
Uruguay,2016,4237
Uruguay,2017,3983
Uruguay,2018,3063
Uruguay,2019,4475
Uruguay,2020,9402
Uruguay,2021,5242
Uruguay,2022,8146
Uruguay,2023,5739
Uruguay (urban),1981,0
Uruguay (urban),1989,28575
Uruguay (urban),1992,24456
Uruguay (urban),1995,24404
Uruguay (urban),1996,25094
Uruguay (urban),1997,21739
Uruguay (urban),1998,26075
Uruguay (urban),2000,26419
Uruguay (urban),2001,21340
Uruguay (urban),2002,34037
Uruguay (urban),2003,47194
Uruguay (urban),2004,51706
Uruguay (urban),2005,46683
Uzbekistan,2021,1497690
Uzbekistan,2022,1534847
Uzbekistan,2023,1449721
Vanuatu,2010,61257
Vanuatu,2019,57206
Venezuela,1981,1778312
Venezuela,1987,2259821
Venezuela,1989,1405498
Venezuela,1992,1430626
Venezuela,1995,3361090
Venezuela,1998,3508273
Venezuela,1999,4020252
Venezuela,2001,3681654
Venezuela,2002,5630717
Venezuela,2003,7021147
Venezuela,2004,5995138
Venezuela,2005,4851413
Venezuela,2006,2644078
Vietnam,1992,39812316
Vietnam,1997,28690268
Vietnam,2002,34114970
Vietnam,2004,24788179
Vietnam,2006,19507537
Vietnam,2008,14949531
Vietnam,2010,4562442
Vietnam,2012,3331495
Vietnam,2014,3129584
Vietnam,2016,2356878
Vietnam,2018,2159154
Vietnam,2020,1277730
Vietnam,2022,1598239
Western and Central Africa (PIP),1990,128690187
Western and Central Africa (PIP),1991,134920043
Western and Central Africa (PIP),1992,140810974
Western and Central Africa (PIP),1993,145772486
Western and Central Africa (PIP),1994,150461662
Western and Central Africa (PIP),1995,155237117
Western and Central Africa (PIP),1996,158661829
Western and Central Africa (PIP),1997,160848058
Western and Central Africa (PIP),1998,163163964
Western and Central Africa (PIP),1999,166256065
Western and Central Africa (PIP),2000,169240942
Western and Central Africa (PIP),2001,169732394
Western and Central Africa (PIP),2002,168005007
Western and Central Africa (PIP),2003,169158493
Western and Central Africa (PIP),2004,167713039
Western and Central Africa (PIP),2005,169258926
Western and Central Africa (PIP),2006,170702954
Western and Central Africa (PIP),2007,172523563
Western and Central Africa (PIP),2008,171029604
Western and Central Africa (PIP),2009,172112833
Western and Central Africa (PIP),2010,168712811
Western and Central Africa (PIP),2011,169845750
Western and Central Africa (PIP),2012,167474552
Western and Central Africa (PIP),2013,166302609
Western and Central Africa (PIP),2014,163695682
Western and Central Africa (PIP),2015,167990423
Western and Central Africa (PIP),2016,167215271
Western and Central Africa (PIP),2017,163078892
Western and Central Africa (PIP),2018,159221298
Western and Central Africa (PIP),2019,157278573
Western and Central Africa (PIP),2020,166821607
Western and Central Africa (PIP),2021,167850972
Western and Central Africa (PIP),2022,167899271
Western and Central Africa (PIP),2023,169752185
Western and Central Africa (PIP),2024,170878952
Western and Central Africa (PIP),2025,170951149
World,1990,2311715314
World,1991,2333702239
World,1992,2335813343
World,1993,2346263931
World,1994,2302824800
World,1995,2254442023
World,1996,2212457274
World,1997,2223503793
World,1998,2267032104
World,1999,2267046162
World,2000,2234216002
World,2001,2206247299
World,2002,2140189514
World,2003,2071744082
World,2004,1973129087
World,2005,1869258094
World,2006,1799912862
World,2007,1709548087
World,2008,1650182760
World,2009,1595480025
World,2010,1469582602
World,2011,1356575311
World,2012,1281609742
World,2013,1124795435
World,2014,1061817823
World,2015,992553970
World,2016,939648527
World,2017,892640611
World,2018,851195733
World,2019,831671549
World,2020,881585604
World,2021,868738277
World,2022,838016467
World,2023,821735818
World,2024,816740083
World,2025,808206176
World (excluding China),1990,1369148832
World (excluding China),1991,1395644876
World (excluding China),1992,1414159507
World (excluding China),1993,1441721488
World (excluding China),1994,1450579001
World (excluding China),1995,1452436485
World (excluding China),1996,1457549267
World (excluding China),1997,1477741251
World (excluding China),1998,1528033599
World (excluding China),1999,1535054146
World (excluding China),2000,1539718688
World (excluding China),2001,1548988625
World (excluding China),2002,1523734114
World (excluding China),2003,1512890376
World (excluding China),2004,1474411870
World (excluding China),2005,1437747281
World (excluding China),2006,1398837276
World (excluding China),2007,1341700088
World (excluding China),2008,1302562326
World (excluding China),2009,1280602398
World (excluding China),2010,1194194156
World (excluding China),2011,1145447569
World (excluding China),2012,1102288570
World (excluding China),2013,1039925028
World (excluding China),2014,996729671
World (excluding China),2015,951438015
World (excluding China),2016,909141505
World (excluding China),2017,869390796
World (excluding China),2018,840039515
World (excluding China),2019,831671577
World (excluding China),2020,881585568
World (excluding China),2021,868738337
World (excluding China),2022,838016421
World (excluding China),2023,821735848
World (excluding China),2024,816740097
World (excluding China),2025,808206135
World (excluding India),1990,1884572711
World (excluding India),1991,1897860927
World (excluding India),1992,1895693005
World (excluding India),1993,1903478967
World (excluding India),1994,1855993315
World (excluding India),1995,1799492578
World (excluding India),1996,1750412732
World (excluding India),1997,1751674835
World (excluding India),1998,1785914158
World (excluding India),1999,1779525629
World (excluding India),2000,1737796867
World (excluding India),2001,1700067085
World (excluding India),2002,1623739691
World (excluding India),2003,1547957326
World (excluding India),2004,1443599510
World (excluding India),2005,1348277647
World (excluding India),2006,1302650346
World (excluding India),2007,1237129808
World (excluding India),2008,1185013160
World (excluding India),2009,1151676918
World (excluding India),2010,1076535218
World (excluding India),2011,997050510
World (excluding India),2012,949371887
World (excluding India),2013,823146450
World (excluding India),2014,796773907
World (excluding India),2015,767284710
World (excluding India),2016,753329963
World (excluding India),2017,736325394
World (excluding India),2018,717810097
World (excluding India),2019,714148591
World (excluding India),2020,748908533
World (excluding India),2021,756699916
World (excluding India),2022,749882750
World (excluding India),2023,753820729
World (excluding India),2024,762044259
World (excluding India),2025,763820019
Yemen,1998,2849329
Yemen,2005,4907224
Yemen,2014,10065510
Zambia,1991,5027171
Zambia,1993,5615468
Zambia,1996,5047689
Zambia,1998,5369289
Zambia,2002,7428029
Zambia,2004,7991321
Zambia,2006,8885505
Zambia,2010,9966852
Zambia,2015,11133807
Zambia,2022,14440819
Zimbabwe,2011,4855877
Zimbabwe,2017,6614791
Zimbabwe,2019,7516551